{"cameraMode":{"drawMode":0,"name":"Shaded","section":"Shading Mode"},"sceneLighting":false,"audioPlay":false,"sceneViewState":{"m_AlwaysRefresh":false,"showFog":true,"showSkybox":false,"showFlares":true,"showImageEffects":true,"showParticleSystems":true,"showVisualEffectGraphs":true,"m_FxEnabled":true},"in2DMode":false,"pivot":{"x":-0.10000002384185791,"y":2.259999990463257,"z":-46.599998474121097},"rotation":{"x":0.2350037693977356,"y":-0.02769322134554386,"z":0.006743660196661949,"w":0.9716302156448364},"size":3.369097948074341,"orthographic":false}