{"cameraMode":{"drawMode":0,"name":"Shaded","section":"Shading Mode"},"sceneLighting":true,"audioPlay":false,"sceneViewState":{"m_AlwaysRefresh":false,"showFog":true,"showSkybox":true,"showFlares":true,"showImageEffects":true,"showParticleSystems":true,"showVisualEffectGraphs":true,"m_FxEnabled":true},"in2DMode":false,"pivot":{"x":-23.037351608276368,"y":4.612697601318359,"z":-11.231006622314454},"rotation":{"x":0.24803723394870759,"y":0.03635256737470627,"z":-0.00916555617004633,"w":0.9681051969528198},"size":35.12997055053711,"orthographic":false}