{"cameraMode":{"drawMode":0,"name":"Shaded","section":"Shading Mode"},"sceneLighting":false,"audioPlay":false,"sceneViewState":{"m_AlwaysRefresh":false,"showFog":false,"showSkybox":false,"showFlares":false,"showImageEffects":false,"showParticleSystems":false,"showVisualEffectGraphs":true,"m_FxEnabled":true},"in2DMode":false,"pivot":{"x":0.025487661361694337,"y":0.7662609815597534,"z":0.10633730888366699},"rotation":{"x":-0.23318086564540864,"y":-0.31882476806640627,"z":0.08073818683624268,"w":-0.9152629375457764},"size":1.1971461772918702,"orthographic":false}