{"cameraMode":{"drawMode":0,"name":"Shaded","section":"Shading Mode"},"sceneLighting":false,"audioPlay":false,"sceneViewState":{"m_AlwaysRefresh":false,"showFog":true,"showSkybox":false,"showFlares":true,"showImageEffects":true,"showParticleSystems":true,"showVisualEffectGraphs":true,"m_FxEnabled":true},"in2DMode":false,"pivot":{"x":7.529999732971191,"y":1.4099998474121094,"z":-16.432172775268556},"rotation":{"x":0.15546806156635285,"y":-0.7906253933906555,"z":0.22418400645256043,"w":0.5482251048088074},"size":1.2539650201797486,"orthographic":false}