{"cameraMode":{"drawMode":0,"name":"Shaded","section":"Shading Mode"},"sceneLighting":false,"audioPlay":false,"sceneViewState":{"m_AlwaysRefresh":false,"showFog":true,"showSkybox":false,"showFlares":true,"showImageEffects":true,"showParticleSystems":true,"showVisualEffectGraphs":true,"m_FxEnabled":true},"in2DMode":false,"pivot":{"x":0.5245264768600464,"y":0.6162909865379334,"z":1.4365942478179932},"rotation":{"x":0.017173664644360544,"y":-0.9822980165481567,"z":0.11728986352682114,"w":0.14576172828674317},"size":0.657124400138855,"orthographic":false}