{"cameraMode":{"drawMode":0,"name":"Shaded","section":"Shading Mode"},"sceneLighting":false,"audioPlay":false,"sceneViewState":{"m_AlwaysRefresh":false,"showFog":true,"showSkybox":false,"showFlares":true,"showImageEffects":true,"showParticleSystems":true,"showVisualEffectGraphs":true,"m_FxEnabled":true},"in2DMode":false,"pivot":{"x":1.0991017818450928,"y":0.48442524671554568,"z":1.7294656038284302},"rotation":{"x":0.035310856997966769,"y":-0.9585784673690796,"z":0.1378878802061081,"w":0.24713489413261414},"size":0.657124400138855,"orthographic":false}