{"cameraMode":{"drawMode":0,"name":"Shaded","section":"Shading Mode"},"sceneLighting":false,"audioPlay":false,"sceneViewState":{"m_AlwaysRefresh":false,"showFog":true,"showSkybox":false,"showFlares":true,"showImageEffects":true,"showParticleSystems":true,"showVisualEffectGraphs":true,"m_FxEnabled":true},"in2DMode":false,"pivot":{"x":11.92548942565918,"y":-12.022133827209473,"z":7.7142767906188969},"rotation":{"x":0.29260650277137759,"y":0.48457226157188418,"z":-0.17576345801353455,"w":0.8055108785629273},"size":37.14720153808594,"orthographic":false}